title,genres,overview,year,rating
The Matrix,Action|Sci-Fi,A hacker discovers a simulated reality and joins a rebellion against machines.,1999,8.7
The Matrix Reloaded,Action|Sci-Fi,Neo and the rebels face new threats as they continue their fight against the machines.,2003,7.2
Inception,Action|Sci-Fi|Thriller,A specialist who enters dreams is offered a final mission involving a difficult idea.,2010,8.8
Interstellar,Adventure|Drama|Sci-Fi,A group of explorers travels through space to search for a future home for humanity.,2014,8.7
The Dark Knight,Action|Crime|Drama,A masked hero faces a criminal mastermind who pushes Gotham into chaos.,2008,9.0
Batman Begins,Action|Crime|Drama,A man trains to become a masked vigilante and protect a city from criminals.,2005,8.2
Blade Runner 2049,Drama|Sci-Fi|Thriller,A young officer uncovers a secret that leads him to a former blade runner.,2017,8.0
Arrival,Drama|Sci-Fi|Mystery,A linguist works to communicate with mysterious visitors and understand their purpose.,2016,7.9
The Martian,Adventure|Drama|Sci-Fi,An astronaut stranded on Mars uses science and engineering to survive.,2015,8.0
Gravity,Drama|Sci-Fi|Thriller,An astronaut must survive after an accident leaves her stranded in space.,2013,7.7
